Model,Accuracy,F1-weighted,F1-macro,Precision,Recall,FPR,ROC-AUC,PR-AUC
Logistic Regression,0.5839,0.5729,0.5909,0.6677,0.5839,0.1335,0.8663,0.707
Naive Bayes,0.4476,0.4342,0.4245,0.5977,0.4476,0.1787,0.7703,0.5287
SVM (LinearSVC calibrated),0.5776,0.5658,0.5854,0.6766,0.5776,0.1351,0.8678,0.7029
Decision Tree,0.5841,0.57,0.5894,0.6989,0.5841,0.1331,0.855,0.7166
Random Forest,0.6221,0.6115,0.6358,0.7647,0.6221,0.1197,0.8972,0.7728
XGBoost (Optuna-tuned),0.6273,0.6157,0.639,0.7536,0.6273,0.1183,0.8945,0.7631
TF-IDF + SGD (char n-grams),0.8035,0.8101,0.7975,0.8266,0.8035,0.0633,0.9536,0.8807
Char Encoder: BiLSTM (ablation),0.8487,0.8521,0.8429,0.8629,0.8487,0.0485,0.9634,0.8922
Char Encoder: Self-Attention (ablation),0.8363,0.8411,0.8304,0.8566,0.8363,0.0526,0.9503,0.8653
AfferentNet (unified multi-branch DL),0.8383,0.8436,0.8351,0.8605,0.8383,0.052,0.9675,0.9123
