url,label,threat_category,source,is_malicious
https://www.slot88.xyz/login,other,online_gambling_judol,id_threat_seed,1
https://www.slot88.xyz/register,other,online_gambling_judol,id_threat_seed,1
https://www.slot88.xyz/daftar-slot-gacor,other,online_gambling_judol,id_threat_seed,1
https://www.slot88.xyz/promo-bonus-new-member,other,online_gambling_judol,id_threat_seed,1
https://www.slot88.xyz/rtp-live,other,online_gambling_judol,id_threat_seed,1
https://www.slot88.top/login,other,online_gambling_judol,id_threat_seed,1
https://www.slot88.top/register,other,online_gambling_judol,id_threat_seed,1
https://www.slot88.top/daftar-slot-gacor,other,online_gambling_judol,id_threat_seed,1
https://www.slot88.top/promo-bonus-new-member,other,online_gambling_judol,id_threat_seed,1
https://www.slot88.top/rtp-live,other,online_gambling_judol,id_threat_seed,1
https://www.slot88.site/login,other,online_gambling_judol,id_threat_seed,1
https://www.slot88.site/register,other,online_gambling_judol,id_threat_seed,1
https://www.slot88.site/daftar-slot-gacor,other,online_gambling_judol,id_threat_seed,1
https://www.slot88.site/promo-bonus-new-member,other,online_gambling_judol,id_threat_seed,1
https://www.slot88.site/rtp-live,other,online_gambling_judol,id_threat_seed,1
https://www.slot88.live/login,other,online_gambling_judol,id_threat_seed,1
https://www.slot88.live/register,other,online_gambling_judol,id_threat_seed,1
https://www.slot88.live/daftar-slot-gacor,other,online_gambling_judol,id_threat_seed,1
https://www.slot88.live/promo-bonus-new-member,other,online_gambling_judol,id_threat_seed,1
https://www.slot88.live/rtp-live,other,online_gambling_judol,id_threat_seed,1
https://www.slot88.vip/login,other,online_gambling_judol,id_threat_seed,1
https://www.slot88.vip/register,other,online_gambling_judol,id_threat_seed,1
https://www.slot88.vip/daftar-slot-gacor,other,online_gambling_judol,id_threat_seed,1
https://www.slot88.vip/promo-bonus-new-member,other,online_gambling_judol,id_threat_seed,1
https://www.slot88.vip/rtp-live,other,online_gambling_judol,id_threat_seed,1
https://www.slot88.online/login,other,online_gambling_judol,id_threat_seed,1
https://www.slot88.online/register,other,online_gambling_judol,id_threat_seed,1
https://www.slot88.online/daftar-slot-gacor,other,online_gambling_judol,id_threat_seed,1
https://www.slot88.online/promo-bonus-new-member,other,online_gambling_judol,id_threat_seed,1
https://www.slot88.online/rtp-live,other,online_gambling_judol,id_threat_seed,1
https://www.slot88.club/login,other,online_gambling_judol,id_threat_seed,1
https://www.slot88.club/register,other,online_gambling_judol,id_threat_seed,1
https://www.slot88.club/daftar-slot-gacor,other,online_gambling_judol,id_threat_seed,1
https://www.slot88.club/promo-bonus-new-member,other,online_gambling_judol,id_threat_seed,1
https://www.slot88.club/rtp-live,other,online_gambling_judol,id_threat_seed,1
https://www.gacor77.xyz/login,other,online_gambling_judol,id_threat_seed,1
https://www.gacor77.xyz/register,other,online_gambling_judol,id_threat_seed,1
https://www.gacor77.xyz/daftar-slot-gacor,other,online_gambling_judol,id_threat_seed,1
https://www.gacor77.xyz/promo-bonus-new-member,other,online_gambling_judol,id_threat_seed,1
https://www.gacor77.xyz/rtp-live,other,online_gambling_judol,id_threat_seed,1
https://www.gacor77.top/login,other,online_gambling_judol,id_threat_seed,1
https://www.gacor77.top/register,other,online_gambling_judol,id_threat_seed,1
https://www.gacor77.top/daftar-slot-gacor,other,online_gambling_judol,id_threat_seed,1
https://www.gacor77.top/promo-bonus-new-member,other,online_gambling_judol,id_threat_seed,1
https://www.gacor77.top/rtp-live,other,online_gambling_judol,id_threat_seed,1
https://www.gacor77.site/login,other,online_gambling_judol,id_threat_seed,1
https://www.gacor77.site/register,other,online_gambling_judol,id_threat_seed,1
https://www.gacor77.site/daftar-slot-gacor,other,online_gambling_judol,id_threat_seed,1
https://www.gacor77.site/promo-bonus-new-member,other,online_gambling_judol,id_threat_seed,1
https://www.gacor77.site/rtp-live,other,online_gambling_judol,id_threat_seed,1
https://www.gacor77.live/login,other,online_gambling_judol,id_threat_seed,1
https://www.gacor77.live/register,other,online_gambling_judol,id_threat_seed,1
https://www.gacor77.live/daftar-slot-gacor,other,online_gambling_judol,id_threat_seed,1
https://www.gacor77.live/promo-bonus-new-member,other,online_gambling_judol,id_threat_seed,1
https://www.gacor77.live/rtp-live,other,online_gambling_judol,id_threat_seed,1
https://www.gacor77.vip/login,other,online_gambling_judol,id_threat_seed,1
https://www.gacor77.vip/register,other,online_gambling_judol,id_threat_seed,1
https://www.gacor77.vip/daftar-slot-gacor,other,online_gambling_judol,id_threat_seed,1
https://www.gacor77.vip/promo-bonus-new-member,other,online_gambling_judol,id_threat_seed,1
https://www.gacor77.vip/rtp-live,other,online_gambling_judol,id_threat_seed,1
https://www.gacor77.online/login,other,online_gambling_judol,id_threat_seed,1
https://www.gacor77.online/register,other,online_gambling_judol,id_threat_seed,1
https://www.gacor77.online/daftar-slot-gacor,other,online_gambling_judol,id_threat_seed,1
https://www.gacor77.online/promo-bonus-new-member,other,online_gambling_judol,id_threat_seed,1
https://www.gacor77.online/rtp-live,other,online_gambling_judol,id_threat_seed,1
https://www.gacor77.club/login,other,online_gambling_judol,id_threat_seed,1
https://www.gacor77.club/register,other,online_gambling_judol,id_threat_seed,1
https://www.gacor77.club/daftar-slot-gacor,other,online_gambling_judol,id_threat_seed,1
https://www.gacor77.club/promo-bonus-new-member,other,online_gambling_judol,id_threat_seed,1
https://www.gacor77.club/rtp-live,other,online_gambling_judol,id_threat_seed,1
https://www.pragmatic123.xyz/login,other,online_gambling_judol,id_threat_seed,1
https://www.pragmatic123.xyz/register,other,online_gambling_judol,id_threat_seed,1
https://www.pragmatic123.xyz/daftar-slot-gacor,other,online_gambling_judol,id_threat_seed,1
https://www.pragmatic123.xyz/promo-bonus-new-member,other,online_gambling_judol,id_threat_seed,1
https://www.pragmatic123.xyz/rtp-live,other,online_gambling_judol,id_threat_seed,1
https://www.pragmatic123.top/login,other,online_gambling_judol,id_threat_seed,1
https://www.pragmatic123.top/register,other,online_gambling_judol,id_threat_seed,1
https://www.pragmatic123.top/daftar-slot-gacor,other,online_gambling_judol,id_threat_seed,1
https://www.pragmatic123.top/promo-bonus-new-member,other,online_gambling_judol,id_threat_seed,1
https://www.pragmatic123.top/rtp-live,other,online_gambling_judol,id_threat_seed,1
https://www.pragmatic123.site/login,other,online_gambling_judol,id_threat_seed,1
https://www.pragmatic123.site/register,other,online_gambling_judol,id_threat_seed,1
https://www.pragmatic123.site/daftar-slot-gacor,other,online_gambling_judol,id_threat_seed,1
https://www.pragmatic123.site/promo-bonus-new-member,other,online_gambling_judol,id_threat_seed,1
https://www.pragmatic123.site/rtp-live,other,online_gambling_judol,id_threat_seed,1
https://www.pragmatic123.live/login,other,online_gambling_judol,id_threat_seed,1
https://www.pragmatic123.live/register,other,online_gambling_judol,id_threat_seed,1
https://www.pragmatic123.live/daftar-slot-gacor,other,online_gambling_judol,id_threat_seed,1
https://www.pragmatic123.live/promo-bonus-new-member,other,online_gambling_judol,id_threat_seed,1
https://www.pragmatic123.live/rtp-live,other,online_gambling_judol,id_threat_seed,1
https://www.pragmatic123.vip/login,other,online_gambling_judol,id_threat_seed,1
https://www.pragmatic123.vip/register,other,online_gambling_judol,id_threat_seed,1
https://www.pragmatic123.vip/daftar-slot-gacor,other,online_gambling_judol,id_threat_seed,1
https://www.pragmatic123.vip/promo-bonus-new-member,other,online_gambling_judol,id_threat_seed,1
https://www.pragmatic123.vip/rtp-live,other,online_gambling_judol,id_threat_seed,1
https://www.pragmatic123.online/login,other,online_gambling_judol,id_threat_seed,1
https://www.pragmatic123.online/register,other,online_gambling_judol,id_threat_seed,1
https://www.pragmatic123.online/daftar-slot-gacor,other,online_gambling_judol,id_threat_seed,1
https://www.pragmatic123.online/promo-bonus-new-member,other,online_gambling_judol,id_threat_seed,1
https://www.pragmatic123.online/rtp-live,other,online_gambling_judol,id_threat_seed,1
https://www.pragmatic123.club/login,other,online_gambling_judol,id_threat_seed,1
https://www.pragmatic123.club/register,other,online_gambling_judol,id_threat_seed,1
https://www.pragmatic123.club/daftar-slot-gacor,other,online_gambling_judol,id_threat_seed,1
https://www.pragmatic123.club/promo-bonus-new-member,other,online_gambling_judol,id_threat_seed,1
https://www.pragmatic123.club/rtp-live,other,online_gambling_judol,id_threat_seed,1
https://www.judolmaxwin.xyz/login,other,online_gambling_judol,id_threat_seed,1
https://www.judolmaxwin.xyz/register,other,online_gambling_judol,id_threat_seed,1
https://www.judolmaxwin.xyz/daftar-slot-gacor,other,online_gambling_judol,id_threat_seed,1
https://www.judolmaxwin.xyz/promo-bonus-new-member,other,online_gambling_judol,id_threat_seed,1
https://www.judolmaxwin.xyz/rtp-live,other,online_gambling_judol,id_threat_seed,1
https://www.judolmaxwin.top/login,other,online_gambling_judol,id_threat_seed,1
https://www.judolmaxwin.top/register,other,online_gambling_judol,id_threat_seed,1
https://www.judolmaxwin.top/daftar-slot-gacor,other,online_gambling_judol,id_threat_seed,1
https://www.judolmaxwin.top/promo-bonus-new-member,other,online_gambling_judol,id_threat_seed,1
https://www.judolmaxwin.top/rtp-live,other,online_gambling_judol,id_threat_seed,1
https://www.judolmaxwin.site/login,other,online_gambling_judol,id_threat_seed,1
https://www.judolmaxwin.site/register,other,online_gambling_judol,id_threat_seed,1
https://www.judolmaxwin.site/daftar-slot-gacor,other,online_gambling_judol,id_threat_seed,1
https://www.judolmaxwin.site/promo-bonus-new-member,other,online_gambling_judol,id_threat_seed,1
https://www.judolmaxwin.site/rtp-live,other,online_gambling_judol,id_threat_seed,1
https://www.judolmaxwin.live/login,other,online_gambling_judol,id_threat_seed,1
https://www.judolmaxwin.live/register,other,online_gambling_judol,id_threat_seed,1
https://www.judolmaxwin.live/daftar-slot-gacor,other,online_gambling_judol,id_threat_seed,1
https://www.judolmaxwin.live/promo-bonus-new-member,other,online_gambling_judol,id_threat_seed,1
https://www.judolmaxwin.live/rtp-live,other,online_gambling_judol,id_threat_seed,1
https://www.judolmaxwin.vip/login,other,online_gambling_judol,id_threat_seed,1
https://www.judolmaxwin.vip/register,other,online_gambling_judol,id_threat_seed,1
https://www.judolmaxwin.vip/daftar-slot-gacor,other,online_gambling_judol,id_threat_seed,1
https://www.judolmaxwin.vip/promo-bonus-new-member,other,online_gambling_judol,id_threat_seed,1
https://www.judolmaxwin.vip/rtp-live,other,online_gambling_judol,id_threat_seed,1
https://www.judolmaxwin.online/login,other,online_gambling_judol,id_threat_seed,1
https://www.judolmaxwin.online/register,other,online_gambling_judol,id_threat_seed,1
https://www.judolmaxwin.online/daftar-slot-gacor,other,online_gambling_judol,id_threat_seed,1
https://www.judolmaxwin.online/promo-bonus-new-member,other,online_gambling_judol,id_threat_seed,1
https://www.judolmaxwin.online/rtp-live,other,online_gambling_judol,id_threat_seed,1
https://www.judolmaxwin.club/login,other,online_gambling_judol,id_threat_seed,1
https://www.judolmaxwin.club/register,other,online_gambling_judol,id_threat_seed,1
https://www.judolmaxwin.club/daftar-slot-gacor,other,online_gambling_judol,id_threat_seed,1
https://www.judolmaxwin.club/promo-bonus-new-member,other,online_gambling_judol,id_threat_seed,1
https://www.judolmaxwin.club/rtp-live,other,online_gambling_judol,id_threat_seed,1
https://www.zeusgacor.xyz/login,other,online_gambling_judol,id_threat_seed,1
https://www.zeusgacor.xyz/register,other,online_gambling_judol,id_threat_seed,1
https://www.zeusgacor.xyz/daftar-slot-gacor,other,online_gambling_judol,id_threat_seed,1
https://www.zeusgacor.xyz/promo-bonus-new-member,other,online_gambling_judol,id_threat_seed,1
https://www.zeusgacor.xyz/rtp-live,other,online_gambling_judol,id_threat_seed,1
https://www.zeusgacor.top/login,other,online_gambling_judol,id_threat_seed,1
https://www.zeusgacor.top/register,other,online_gambling_judol,id_threat_seed,1
https://www.zeusgacor.top/daftar-slot-gacor,other,online_gambling_judol,id_threat_seed,1
https://www.zeusgacor.top/promo-bonus-new-member,other,online_gambling_judol,id_threat_seed,1
https://www.zeusgacor.top/rtp-live,other,online_gambling_judol,id_threat_seed,1
https://www.zeusgacor.site/login,other,online_gambling_judol,id_threat_seed,1
https://www.zeusgacor.site/register,other,online_gambling_judol,id_threat_seed,1
https://www.zeusgacor.site/daftar-slot-gacor,other,online_gambling_judol,id_threat_seed,1
https://www.zeusgacor.site/promo-bonus-new-member,other,online_gambling_judol,id_threat_seed,1
https://www.zeusgacor.site/rtp-live,other,online_gambling_judol,id_threat_seed,1
https://www.zeusgacor.live/login,other,online_gambling_judol,id_threat_seed,1
https://www.zeusgacor.live/register,other,online_gambling_judol,id_threat_seed,1
https://www.zeusgacor.live/daftar-slot-gacor,other,online_gambling_judol,id_threat_seed,1
https://www.zeusgacor.live/promo-bonus-new-member,other,online_gambling_judol,id_threat_seed,1
https://www.zeusgacor.live/rtp-live,other,online_gambling_judol,id_threat_seed,1
https://www.zeusgacor.vip/login,other,online_gambling_judol,id_threat_seed,1
https://www.zeusgacor.vip/register,other,online_gambling_judol,id_threat_seed,1
https://www.zeusgacor.vip/daftar-slot-gacor,other,online_gambling_judol,id_threat_seed,1
https://www.zeusgacor.vip/promo-bonus-new-member,other,online_gambling_judol,id_threat_seed,1
https://www.zeusgacor.vip/rtp-live,other,online_gambling_judol,id_threat_seed,1
https://www.zeusgacor.online/login,other,online_gambling_judol,id_threat_seed,1
https://www.zeusgacor.online/register,other,online_gambling_judol,id_threat_seed,1
https://www.zeusgacor.online/daftar-slot-gacor,other,online_gambling_judol,id_threat_seed,1
https://www.zeusgacor.online/promo-bonus-new-member,other,online_gambling_judol,id_threat_seed,1
https://www.zeusgacor.online/rtp-live,other,online_gambling_judol,id_threat_seed,1
https://www.zeusgacor.club/login,other,online_gambling_judol,id_threat_seed,1
https://www.zeusgacor.club/register,other,online_gambling_judol,id_threat_seed,1
https://www.zeusgacor.club/daftar-slot-gacor,other,online_gambling_judol,id_threat_seed,1
https://www.zeusgacor.club/promo-bonus-new-member,other,online_gambling_judol,id_threat_seed,1
https://www.zeusgacor.club/rtp-live,other,online_gambling_judol,id_threat_seed,1
https://www.sbobet888.xyz/login,other,online_gambling_judol,id_threat_seed,1
https://www.sbobet888.xyz/register,other,online_gambling_judol,id_threat_seed,1
https://www.sbobet888.xyz/daftar-slot-gacor,other,online_gambling_judol,id_threat_seed,1
https://www.sbobet888.xyz/promo-bonus-new-member,other,online_gambling_judol,id_threat_seed,1
https://www.sbobet888.xyz/rtp-live,other,online_gambling_judol,id_threat_seed,1
https://www.sbobet888.top/login,other,online_gambling_judol,id_threat_seed,1
https://www.sbobet888.top/register,other,online_gambling_judol,id_threat_seed,1
https://www.sbobet888.top/daftar-slot-gacor,other,online_gambling_judol,id_threat_seed,1
https://www.sbobet888.top/promo-bonus-new-member,other,online_gambling_judol,id_threat_seed,1
https://www.sbobet888.top/rtp-live,other,online_gambling_judol,id_threat_seed,1
https://www.sbobet888.site/login,other,online_gambling_judol,id_threat_seed,1
https://www.sbobet888.site/register,other,online_gambling_judol,id_threat_seed,1
https://www.sbobet888.site/daftar-slot-gacor,other,online_gambling_judol,id_threat_seed,1
https://www.sbobet888.site/promo-bonus-new-member,other,online_gambling_judol,id_threat_seed,1
https://www.sbobet888.site/rtp-live,other,online_gambling_judol,id_threat_seed,1
https://www.sbobet888.live/login,other,online_gambling_judol,id_threat_seed,1
https://www.sbobet888.live/register,other,online_gambling_judol,id_threat_seed,1
https://www.sbobet888.live/daftar-slot-gacor,other,online_gambling_judol,id_threat_seed,1
https://www.sbobet888.live/promo-bonus-new-member,other,online_gambling_judol,id_threat_seed,1
https://www.sbobet888.live/rtp-live,other,online_gambling_judol,id_threat_seed,1
https://www.sbobet888.vip/login,other,online_gambling_judol,id_threat_seed,1
https://www.sbobet888.vip/register,other,online_gambling_judol,id_threat_seed,1
https://www.sbobet888.vip/daftar-slot-gacor,other,online_gambling_judol,id_threat_seed,1
https://www.sbobet888.vip/promo-bonus-new-member,other,online_gambling_judol,id_threat_seed,1
https://www.sbobet888.vip/rtp-live,other,online_gambling_judol,id_threat_seed,1
https://www.sbobet888.online/login,other,online_gambling_judol,id_threat_seed,1
https://www.sbobet888.online/register,other,online_gambling_judol,id_threat_seed,1
https://www.sbobet888.online/daftar-slot-gacor,other,online_gambling_judol,id_threat_seed,1
https://www.sbobet888.online/promo-bonus-new-member,other,online_gambling_judol,id_threat_seed,1
https://www.sbobet888.online/rtp-live,other,online_gambling_judol,id_threat_seed,1
https://www.sbobet888.club/login,other,online_gambling_judol,id_threat_seed,1
https://www.sbobet888.club/register,other,online_gambling_judol,id_threat_seed,1
https://www.sbobet888.club/daftar-slot-gacor,other,online_gambling_judol,id_threat_seed,1
https://www.sbobet888.club/promo-bonus-new-member,other,online_gambling_judol,id_threat_seed,1
https://www.sbobet888.club/rtp-live,other,online_gambling_judol,id_threat_seed,1
https://www.togelonline.xyz/login,other,online_gambling_judol,id_threat_seed,1
https://www.togelonline.xyz/register,other,online_gambling_judol,id_threat_seed,1
https://www.togelonline.xyz/daftar-slot-gacor,other,online_gambling_judol,id_threat_seed,1
https://www.togelonline.xyz/promo-bonus-new-member,other,online_gambling_judol,id_threat_seed,1
https://www.togelonline.xyz/rtp-live,other,online_gambling_judol,id_threat_seed,1
https://www.togelonline.top/login,other,online_gambling_judol,id_threat_seed,1
https://www.togelonline.top/register,other,online_gambling_judol,id_threat_seed,1
https://www.togelonline.top/daftar-slot-gacor,other,online_gambling_judol,id_threat_seed,1
https://www.togelonline.top/promo-bonus-new-member,other,online_gambling_judol,id_threat_seed,1
https://www.togelonline.top/rtp-live,other,online_gambling_judol,id_threat_seed,1
https://www.togelonline.site/login,other,online_gambling_judol,id_threat_seed,1
https://www.togelonline.site/register,other,online_gambling_judol,id_threat_seed,1
https://www.togelonline.site/daftar-slot-gacor,other,online_gambling_judol,id_threat_seed,1
https://www.togelonline.site/promo-bonus-new-member,other,online_gambling_judol,id_threat_seed,1
https://www.togelonline.site/rtp-live,other,online_gambling_judol,id_threat_seed,1
https://www.togelonline.live/login,other,online_gambling_judol,id_threat_seed,1
https://www.togelonline.live/register,other,online_gambling_judol,id_threat_seed,1
https://www.togelonline.live/daftar-slot-gacor,other,online_gambling_judol,id_threat_seed,1
https://www.togelonline.live/promo-bonus-new-member,other,online_gambling_judol,id_threat_seed,1
https://www.togelonline.live/rtp-live,other,online_gambling_judol,id_threat_seed,1
https://www.togelonline.vip/login,other,online_gambling_judol,id_threat_seed,1
https://www.togelonline.vip/register,other,online_gambling_judol,id_threat_seed,1
https://www.togelonline.vip/daftar-slot-gacor,other,online_gambling_judol,id_threat_seed,1
https://www.togelonline.vip/promo-bonus-new-member,other,online_gambling_judol,id_threat_seed,1
https://www.togelonline.vip/rtp-live,other,online_gambling_judol,id_threat_seed,1
https://www.togelonline.online/login,other,online_gambling_judol,id_threat_seed,1
https://www.togelonline.online/register,other,online_gambling_judol,id_threat_seed,1
https://www.togelonline.online/daftar-slot-gacor,other,online_gambling_judol,id_threat_seed,1
https://www.togelonline.online/promo-bonus-new-member,other,online_gambling_judol,id_threat_seed,1
https://www.togelonline.online/rtp-live,other,online_gambling_judol,id_threat_seed,1
https://www.togelonline.club/login,other,online_gambling_judol,id_threat_seed,1
https://www.togelonline.club/register,other,online_gambling_judol,id_threat_seed,1
https://www.togelonline.club/daftar-slot-gacor,other,online_gambling_judol,id_threat_seed,1
https://www.togelonline.club/promo-bonus-new-member,other,online_gambling_judol,id_threat_seed,1
https://www.togelonline.club/rtp-live,other,online_gambling_judol,id_threat_seed,1
https://www.rajagacor.xyz/login,other,online_gambling_judol,id_threat_seed,1
https://www.rajagacor.xyz/register,other,online_gambling_judol,id_threat_seed,1
https://www.rajagacor.xyz/daftar-slot-gacor,other,online_gambling_judol,id_threat_seed,1
https://www.rajagacor.xyz/promo-bonus-new-member,other,online_gambling_judol,id_threat_seed,1
https://www.rajagacor.xyz/rtp-live,other,online_gambling_judol,id_threat_seed,1
https://www.rajagacor.top/login,other,online_gambling_judol,id_threat_seed,1
https://www.rajagacor.top/register,other,online_gambling_judol,id_threat_seed,1
https://www.rajagacor.top/daftar-slot-gacor,other,online_gambling_judol,id_threat_seed,1
https://www.rajagacor.top/promo-bonus-new-member,other,online_gambling_judol,id_threat_seed,1
https://www.rajagacor.top/rtp-live,other,online_gambling_judol,id_threat_seed,1
https://www.rajagacor.site/login,other,online_gambling_judol,id_threat_seed,1
https://www.rajagacor.site/register,other,online_gambling_judol,id_threat_seed,1
https://www.rajagacor.site/daftar-slot-gacor,other,online_gambling_judol,id_threat_seed,1
https://www.rajagacor.site/promo-bonus-new-member,other,online_gambling_judol,id_threat_seed,1
https://www.rajagacor.site/rtp-live,other,online_gambling_judol,id_threat_seed,1
https://www.rajagacor.live/login,other,online_gambling_judol,id_threat_seed,1
https://www.rajagacor.live/register,other,online_gambling_judol,id_threat_seed,1
https://www.rajagacor.live/daftar-slot-gacor,other,online_gambling_judol,id_threat_seed,1
https://www.rajagacor.live/promo-bonus-new-member,other,online_gambling_judol,id_threat_seed,1
https://www.rajagacor.live/rtp-live,other,online_gambling_judol,id_threat_seed,1
https://www.rajagacor.vip/login,other,online_gambling_judol,id_threat_seed,1
https://www.rajagacor.vip/register,other,online_gambling_judol,id_threat_seed,1
https://www.rajagacor.vip/daftar-slot-gacor,other,online_gambling_judol,id_threat_seed,1
https://www.rajagacor.vip/promo-bonus-new-member,other,online_gambling_judol,id_threat_seed,1
https://www.rajagacor.vip/rtp-live,other,online_gambling_judol,id_threat_seed,1
https://www.rajagacor.online/login,other,online_gambling_judol,id_threat_seed,1
https://www.rajagacor.online/register,other,online_gambling_judol,id_threat_seed,1
https://www.rajagacor.online/daftar-slot-gacor,other,online_gambling_judol,id_threat_seed,1
https://www.rajagacor.online/promo-bonus-new-member,other,online_gambling_judol,id_threat_seed,1
https://www.rajagacor.online/rtp-live,other,online_gambling_judol,id_threat_seed,1
https://www.rajagacor.club/login,other,online_gambling_judol,id_threat_seed,1
https://www.rajagacor.club/register,other,online_gambling_judol,id_threat_seed,1
https://www.rajagacor.club/daftar-slot-gacor,other,online_gambling_judol,id_threat_seed,1
https://www.rajagacor.club/promo-bonus-new-member,other,online_gambling_judol,id_threat_seed,1
https://www.rajagacor.club/rtp-live,other,online_gambling_judol,id_threat_seed,1
https://www.hoki88.xyz/login,other,online_gambling_judol,id_threat_seed,1
https://www.hoki88.xyz/register,other,online_gambling_judol,id_threat_seed,1
https://www.hoki88.xyz/daftar-slot-gacor,other,online_gambling_judol,id_threat_seed,1
https://www.hoki88.xyz/promo-bonus-new-member,other,online_gambling_judol,id_threat_seed,1
https://www.hoki88.xyz/rtp-live,other,online_gambling_judol,id_threat_seed,1
https://www.hoki88.top/login,other,online_gambling_judol,id_threat_seed,1
https://www.hoki88.top/register,other,online_gambling_judol,id_threat_seed,1
https://www.hoki88.top/daftar-slot-gacor,other,online_gambling_judol,id_threat_seed,1
https://www.hoki88.top/promo-bonus-new-member,other,online_gambling_judol,id_threat_seed,1
https://www.hoki88.top/rtp-live,other,online_gambling_judol,id_threat_seed,1
https://www.hoki88.site/login,other,online_gambling_judol,id_threat_seed,1
https://www.hoki88.site/register,other,online_gambling_judol,id_threat_seed,1
https://www.hoki88.site/daftar-slot-gacor,other,online_gambling_judol,id_threat_seed,1
https://www.hoki88.site/promo-bonus-new-member,other,online_gambling_judol,id_threat_seed,1
https://www.hoki88.site/rtp-live,other,online_gambling_judol,id_threat_seed,1
https://www.hoki88.live/login,other,online_gambling_judol,id_threat_seed,1
https://www.hoki88.live/register,other,online_gambling_judol,id_threat_seed,1
https://www.hoki88.live/daftar-slot-gacor,other,online_gambling_judol,id_threat_seed,1
https://www.hoki88.live/promo-bonus-new-member,other,online_gambling_judol,id_threat_seed,1
https://www.hoki88.live/rtp-live,other,online_gambling_judol,id_threat_seed,1
https://www.hoki88.vip/login,other,online_gambling_judol,id_threat_seed,1
https://www.hoki88.vip/register,other,online_gambling_judol,id_threat_seed,1
https://www.hoki88.vip/daftar-slot-gacor,other,online_gambling_judol,id_threat_seed,1
https://www.hoki88.vip/promo-bonus-new-member,other,online_gambling_judol,id_threat_seed,1
https://www.hoki88.vip/rtp-live,other,online_gambling_judol,id_threat_seed,1
https://www.hoki88.online/login,other,online_gambling_judol,id_threat_seed,1
https://www.hoki88.online/register,other,online_gambling_judol,id_threat_seed,1
https://www.hoki88.online/daftar-slot-gacor,other,online_gambling_judol,id_threat_seed,1
https://www.hoki88.online/promo-bonus-new-member,other,online_gambling_judol,id_threat_seed,1
https://www.hoki88.online/rtp-live,other,online_gambling_judol,id_threat_seed,1
https://www.hoki88.club/login,other,online_gambling_judol,id_threat_seed,1
https://www.hoki88.club/register,other,online_gambling_judol,id_threat_seed,1
https://www.hoki88.club/daftar-slot-gacor,other,online_gambling_judol,id_threat_seed,1
https://www.hoki88.club/promo-bonus-new-member,other,online_gambling_judol,id_threat_seed,1
https://www.hoki88.club/rtp-live,other,online_gambling_judol,id_threat_seed,1
https://www.sensational88.xyz/login,other,online_gambling_judol,id_threat_seed,1
https://www.sensational88.xyz/register,other,online_gambling_judol,id_threat_seed,1
https://www.sensational88.xyz/daftar-slot-gacor,other,online_gambling_judol,id_threat_seed,1
https://www.sensational88.xyz/promo-bonus-new-member,other,online_gambling_judol,id_threat_seed,1
https://www.sensational88.xyz/rtp-live,other,online_gambling_judol,id_threat_seed,1
https://www.sensational88.top/login,other,online_gambling_judol,id_threat_seed,1
https://www.sensational88.top/register,other,online_gambling_judol,id_threat_seed,1
https://www.sensational88.top/daftar-slot-gacor,other,online_gambling_judol,id_threat_seed,1
https://www.sensational88.top/promo-bonus-new-member,other,online_gambling_judol,id_threat_seed,1
https://www.sensational88.top/rtp-live,other,online_gambling_judol,id_threat_seed,1
https://www.sensational88.site/login,other,online_gambling_judol,id_threat_seed,1
https://www.sensational88.site/register,other,online_gambling_judol,id_threat_seed,1
https://www.sensational88.site/daftar-slot-gacor,other,online_gambling_judol,id_threat_seed,1
https://www.sensational88.site/promo-bonus-new-member,other,online_gambling_judol,id_threat_seed,1
https://www.sensational88.site/rtp-live,other,online_gambling_judol,id_threat_seed,1
https://www.sensational88.live/login,other,online_gambling_judol,id_threat_seed,1
https://www.sensational88.live/register,other,online_gambling_judol,id_threat_seed,1
https://www.sensational88.live/daftar-slot-gacor,other,online_gambling_judol,id_threat_seed,1
https://www.sensational88.live/promo-bonus-new-member,other,online_gambling_judol,id_threat_seed,1
https://www.sensational88.live/rtp-live,other,online_gambling_judol,id_threat_seed,1
https://www.sensational88.vip/login,other,online_gambling_judol,id_threat_seed,1
https://www.sensational88.vip/register,other,online_gambling_judol,id_threat_seed,1
https://www.sensational88.vip/daftar-slot-gacor,other,online_gambling_judol,id_threat_seed,1
https://www.sensational88.vip/promo-bonus-new-member,other,online_gambling_judol,id_threat_seed,1
https://www.sensational88.vip/rtp-live,other,online_gambling_judol,id_threat_seed,1
https://www.sensational88.online/login,other,online_gambling_judol,id_threat_seed,1
https://www.sensational88.online/register,other,online_gambling_judol,id_threat_seed,1
https://www.sensational88.online/daftar-slot-gacor,other,online_gambling_judol,id_threat_seed,1
https://www.sensational88.online/promo-bonus-new-member,other,online_gambling_judol,id_threat_seed,1
https://www.sensational88.online/rtp-live,other,online_gambling_judol,id_threat_seed,1
https://www.sensational88.club/login,other,online_gambling_judol,id_threat_seed,1
https://www.sensational88.club/register,other,online_gambling_judol,id_threat_seed,1
https://www.sensational88.club/daftar-slot-gacor,other,online_gambling_judol,id_threat_seed,1
https://www.sensational88.club/promo-bonus-new-member,other,online_gambling_judol,id_threat_seed,1
https://www.sensational88.club/rtp-live,other,online_gambling_judol,id_threat_seed,1
https://klikbca-login-verifikasi.xyz/auth,phishing,typosquat_klikbca,id_threat_seed,1
https://ib-klik-bca-pembaruan.info/login.php,phishing,typosquat_klikbca,id_threat_seed,1
https://klikbca-security-check.site/login,phishing,typosquat_klikbca,id_threat_seed,1
https://livin-mandiri-update-tarif.online/form,phishing,typosquat_bankmandiri,id_threat_seed,1
https://mandiri-online-secure-auth.top/login,phishing,typosquat_bankmandiri,id_threat_seed,1
https://livin-mandiri-kupon-hadiah.site/verify,phishing,typosquat_bankmandiri,id_threat_seed,1
https://brimo-perubahan-tarif-baru.site/login,phishing,typosquat_bri,id_threat_seed,1
https://ib-bri-secure-verifikasi.xyz/auth,phishing,typosquat_bri,id_threat_seed,1
https://promo-brimo-hadiah.online/login,phishing,typosquat_bri,id_threat_seed,1
https://dana-kaget-claim-saldo-gratis.site/claim,phishing,typosquat_dana,id_threat_seed,1
https://dana-dompet-digital-verifikasi.top/auth,phishing,typosquat_dana,id_threat_seed,1
https://klaim-dana-kaget-2026.online/login,phishing,typosquat_dana,id_threat_seed,1
https://gopay-promo-cashback-saldo.xyz/claim,phishing,typosquat_gopay,id_threat_seed,1
https://verifikasi-akun-gojek-gopay.site/login,phishing,typosquat_gopay,id_threat_seed,1
https://www.bca.co.id/,benign,legitimate_indonesian_org,id_threat_seed,0
https://www.bca.co.id/layanan,benign,legitimate_indonesian_org,id_threat_seed,0
https://www.bankmandiri.co.id/,benign,legitimate_indonesian_org,id_threat_seed,0
https://www.bankmandiri.co.id/layanan,benign,legitimate_indonesian_org,id_threat_seed,0
https://www.bri.co.id/,benign,legitimate_indonesian_org,id_threat_seed,0
https://www.bri.co.id/layanan,benign,legitimate_indonesian_org,id_threat_seed,0
https://www.bni.co.id/,benign,legitimate_indonesian_org,id_threat_seed,0
https://www.bni.co.id/layanan,benign,legitimate_indonesian_org,id_threat_seed,0
https://www.cimbniaga.co.id/,benign,legitimate_indonesian_org,id_threat_seed,0
https://www.cimbniaga.co.id/layanan,benign,legitimate_indonesian_org,id_threat_seed,0
https://www.kominfo.go.id/,benign,legitimate_indonesian_org,id_threat_seed,0
https://www.kominfo.go.id/layanan,benign,legitimate_indonesian_org,id_threat_seed,0
https://www.bssn.go.id/,benign,legitimate_indonesian_org,id_threat_seed,0
https://www.bssn.go.id/layanan,benign,legitimate_indonesian_org,id_threat_seed,0
https://www.polri.go.id/,benign,legitimate_indonesian_org,id_threat_seed,0
https://www.polri.go.id/layanan,benign,legitimate_indonesian_org,id_threat_seed,0
https://www.kemenkeu.go.id/,benign,legitimate_indonesian_org,id_threat_seed,0
https://www.kemenkeu.go.id/layanan,benign,legitimate_indonesian_org,id_threat_seed,0
https://www.pajak.go.id/,benign,legitimate_indonesian_org,id_threat_seed,0
https://www.pajak.go.id/layanan,benign,legitimate_indonesian_org,id_threat_seed,0
https://www.tokopedia.com/,benign,legitimate_indonesian_org,id_threat_seed,0
https://www.tokopedia.com/layanan,benign,legitimate_indonesian_org,id_threat_seed,0
https://www.shopee.co.id/,benign,legitimate_indonesian_org,id_threat_seed,0
https://www.shopee.co.id/layanan,benign,legitimate_indonesian_org,id_threat_seed,0
https://www.bukalapak.com/,benign,legitimate_indonesian_org,id_threat_seed,0
https://www.bukalapak.com/layanan,benign,legitimate_indonesian_org,id_threat_seed,0
https://www.blibli.com/,benign,legitimate_indonesian_org,id_threat_seed,0
https://www.blibli.com/layanan,benign,legitimate_indonesian_org,id_threat_seed,0
https://www.traveloka.com/,benign,legitimate_indonesian_org,id_threat_seed,0
https://www.traveloka.com/layanan,benign,legitimate_indonesian_org,id_threat_seed,0
https://www.ui.ac.id/,benign,legitimate_indonesian_org,id_threat_seed,0
https://www.ui.ac.id/layanan,benign,legitimate_indonesian_org,id_threat_seed,0
https://www.itb.ac.id/,benign,legitimate_indonesian_org,id_threat_seed,0
https://www.itb.ac.id/layanan,benign,legitimate_indonesian_org,id_threat_seed,0
https://www.ugm.ac.id/,benign,legitimate_indonesian_org,id_threat_seed,0
https://www.ugm.ac.id/layanan,benign,legitimate_indonesian_org,id_threat_seed,0
https://www.undip.ac.id/,benign,legitimate_indonesian_org,id_threat_seed,0
https://www.undip.ac.id/layanan,benign,legitimate_indonesian_org,id_threat_seed,0
https://www.its.ac.id/,benign,legitimate_indonesian_org,id_threat_seed,0
https://www.its.ac.id/layanan,benign,legitimate_indonesian_org,id_threat_seed,0
